_id,message,contact_number,subject,name,email,createdAt,updatedAt,__v
62b2e6e2b11046b064c3976c,testing 1,9876543210,First Test,Elon Musk,elon@yopmail.com,Wed Jun 22 2022 15:24:42 GMT+0530 (India Standard Time),Wed Jun 22 2022 15:24:42 GMT+0530 (India Standard Time),0
62b3f5fab11046b064c3bd6e,gfchghfghgfhf,98898989898,gxfcg gfxg,jay ram,jay@sdfsd.fdg,Thu Jun 23 2022 10:41:22 GMT+0530 (India Standard Time),Thu Jun 23 2022 10:41:22 GMT+0530 (India Standard Time),0
62b9aab6c0d4b84ad1f4e3dd,ssss,2323232323,sss,hiloni,abc@gmail.com,Mon Jun 27 2022 18:33:50 GMT+0530 (India Standard Time),Mon Jun 27 2022 18:33:50 GMT+0530 (India Standard Time),0
62bd327693b59c70fd15773a,gfhgfhgfhgfhgf,+13453453453,fghgfhgf,hfggf,testerdileep1@gmail.com,Thu Jun 30 2022 10:49:50 GMT+0530 (India Standard Time),Thu Jun 30 2022 10:49:50 GMT+0530 (India Standard Time),0
62c277391c67177ad3b87e01,zxcvbnm,9876543210,asdfghjkkkkkkkkkl,Ritu,ritu@yopmail.com,Mon Jul 04 2022 10:44:33 GMT+0530 (India Standard Time),Mon Jul 04 2022 10:44:33 GMT+0530 (India Standard Time),0
62c278e01c67177ad3b87ec5,asdfghjkl,1234567899,qwetio,ritu,ritu@yopmail.com,Mon Jul 04 2022 10:51:36 GMT+0530 (India Standard Time),Mon Jul 04 2022 10:51:36 GMT+0530 (India Standard Time),0
62c278e81c67177ad3b87ecb,asdfghjkl,1234567899,qwetio,ritu,ritu@yopmail.com,Mon Jul 04 2022 10:51:44 GMT+0530 (India Standard Time),Mon Jul 04 2022 10:51:44 GMT+0530 (India Standard Time),0
62c278f41c67177ad3b87ed5,asdfghjkl,1234567899,qwetio,ritu,ritu@yopmail.com,Mon Jul 04 2022 10:51:56 GMT+0530 (India Standard Time),Mon Jul 04 2022 10:51:56 GMT+0530 (India Standard Time),0
62c278f41c67177ad3b87ed7,asdfghjkl,1234567899,qwetio,ritu,ritu@yopmail.com,Mon Jul 04 2022 10:51:56 GMT+0530 (India Standard Time),Mon Jul 04 2022 10:51:56 GMT+0530 (India Standard Time),0
62c278f41c67177ad3b87ed9,asdfghjkl,1234567899,qwetio,ritu,ritu@yopmail.com,Mon Jul 04 2022 10:51:56 GMT+0530 (India Standard Time),Mon Jul 04 2022 10:51:56 GMT+0530 (India Standard Time),0
62c279431c67177ad3b87ee3,asdfghjkl,1234567899,qwetio,ritu,ritu@yopmail.com,Mon Jul 04 2022 10:53:15 GMT+0530 (India Standard Time),Mon Jul 04 2022 10:53:15 GMT+0530 (India Standard Time),0
62c279d11c67177ad3b87f62,sdfhj,12367890,widf,Ritu,ritu@yopmail.com,Mon Jul 04 2022 10:55:37 GMT+0530 (India Standard Time),Mon Jul 04 2022 10:55:37 GMT+0530 (India Standard Time),0